cpu_pct_15m_mean,cpu_pct_5m_mean,icmp_loss_pct_15m_mean,icmp_loss_pct_5m_mean,icmp_rtt_sec_15m_mean,icmp_rtt_sec_5m_mean,interface_count,interfaces_with_counter_reset,interfaces_with_oper_down
-0.914693981089,-0.868586271692,0,0,1.32543261117,2.65465867221,0.0165439220783,-0.174881662288,-0.0636540190381
-0.914693981089,-0.868586271692,0,0,0.316143955548,0.426714555028,0.745827017777,-0.174881662288,1.51672162605
-0.914693981089,-0.868586271692,0,0,-0.481527096413,-0.393035397408,0.648589271684,-0.174881662288,-0.207324532228
1.39651157269,1.68093958433,0,0,-0.370633426612,-0.302741828542,2.30163095527,-0.174881662288,1.51672162605
-1.08347054165,-1.05513694408,0,0,-0.360540540056,-0.291839136104,2.30163095527,-0.174881662288,4.53380240302
1.22084617292,1.82603455175,0,0,-0.492670257966,-0.393035397408,-0.664120300573,-0.174881662288,-0.494665558606
-1.12135915728,-1.07586479657,0,0,-0.492670257966,-0.393035397408,-0.0320749509682,-0.174881662288,-0.350995045417
3.7456057421,3.77445268562,0,0,-0.492670257966,-0.393035397408,1.42649124043,7.73599562655,-0.350995045417
3.03261088422,3.02824999605,0,0,-0.492670257966,-0.393035397408,1.47511011348,0.813977998817,-0.207324532228
-0.914693981089,-0.868586271692,0,0,-0.492670257966,-0.393035397408,1.76682335175,-0.174881662288,0.51102803372
-0.123029100736,0.033442985639,0,0,-0.492670257966,-0.393035397408,-0.664120300573,-0.174881662288,-0.494665558606
1.13818010244,1.32856609204,0,0,-0.49208107931,-0.393035397408,1.37787236738,-0.174881662288,2.52241521837
-0.12301872844,0.0327425327745,0,0,-0.492593408576,-0.392854689799,-0.664120300573,-0.174881662288,-0.494665558606
-0.122587156441,0.0326928239296,0,0,-0.492670257966,-0.393035397408,-0.664120300573,-0.174881662288,-0.494665558606
-0.122458066484,0.0340518075769,0,0,-0.492670257966,-0.393035397408,-0.664120300573,-0.174881662288,-0.494665558606
-0.122587156441,0.0326928239296,0,0,-0.492670257966,-0.393035397408,-0.664120300573,-0.174881662288,-0.494665558606
-0.122840775946,0.0302911325722,0,0,-0.492670257966,-0.393035397408,-0.664120300573,-0.174881662288,-0.494665558606
-0.122825486167,0.0312336694805,0,0,-0.492183545163,-0.393035397408,-0.664120300573,-0.174881662288,-0.494665558606
-0.12301872844,0.0327425327745,0,0,0.319243547612,0.183783292027,-0.664120300573,-0.174881662288,-0.494665558606
-0.914693981089,-0.868586271692,0,0,0.500147011723,0.190409237708,0.211019414265,-0.174881662288,0.0800164941514
-0.914693981089,-0.868586271692,0,0,0.803855801088,0.484360282449,0.0165439220783,-0.174881662288,-0.0636540190381
-0.914693981089,-0.868586271692,0,0,0.947871557989,0.21703349217,-0.0806938240148,-0.174881662288,-0.350995045417
-0.914693981089,-0.868586271692,0,0,0.366813320035,0.430208235477,-0.0806938240148,-0.174881662288,-0.494665558606
-0.914693981089,-0.868586271692,0,0,4.67539998806,4.56130465975,-0.129312697061,-0.174881662288,-0.494665558606
-0.914693981089,-0.868586271692,0,0,2.35572676672,4.08176690008,0.405494906451,-0.174881662288,1.22938059967
-0.914693981089,-0.868586271692,0,0,3.12598820291,0.41900436369,-0.0806938240148,-0.174881662288,-0.207324532228
-0.914693981089,-0.868586271692,0,0,2.47743058405,4.1959138734,-0.0806938240148,-0.174881662288,-0.207324532228
-0.914693981089,-0.868586271692,0,0,0.978969944484,0.530320251125,1.0861591291,-0.174881662288,0.51102803372
-0.123552110593,0.032351263467,0,0,-0.492670257966,-0.393035397408,-0.664120300573,-0.174881662288,-0.494665558606
-0.12446557182,0.0332655068567,0,0,-0.492670257966,-0.393035397408,-0.664120300573,-0.174881662288,-0.494665558606
-0.124307980438,0.0328647683753,0,0,-0.491568750043,-0.390445255006,-0.664120300573,-0.174881662288,-0.494665558606
-0.12364891371,0.0312689931958,0,0,-0.492670257966,-0.393035397408,-0.664120300573,-0.174881662288,-0.494665558606
-0.123552110593,0.032351263467,0,0,-0.492055462846,-0.391589736532,-0.664120300573,-0.174881662288,-0.494665558606
-0.124307980438,0.0328647683753,0,0,-0.492670257966,-0.393035397408,-0.664120300573,-0.174881662288,-0.494665558606
-0.124664593829,0.0330404921994,0,0,-0.492670257966,-0.393035397408,-0.664120300573,-0.174881662288,-0.494665558606
-0.12446557182,0.0332655068567,0,0,-0.492593408576,-0.393035397408,-0.664120300573,-0.174881662288,-0.494665558606
-0.123552110593,0.032351263467,0,0,-0.492670257966,-0.393035397408,-0.664120300573,-0.174881662288,-0.494665558606
-0.12364891371,0.0312689931958,0,0,-0.488136143955,-0.392914925668,-0.664120300573,-0.174881662288,-0.494665558606
-0.124307980438,0.0328647683753,0,0,-0.492670257966,-0.393035397408,-0.664120300573,-0.174881662288,-0.494665558606
-0.123552110593,0.032351263467,0,0,-0.492670257966,-0.393035397408,-0.664120300573,-0.174881662288,-0.494665558606
-0.124664593829,0.0330404921994,0,0,-0.492670257966,-0.393035397408,-0.664120300573,-0.174881662288,-0.494665558606
-0.12446557182,0.0332655068567,0,0,-0.492670257966,-0.393035397408,-0.664120300573,-0.174881662288,-0.494665558606
-0.12364891371,0.0312689931958,0,0,-0.492670257966,-0.393035397408,-0.664120300573,-0.174881662288,-0.494665558606
-0.124248948827,0.0313218250372,0,0,-0.449788298334,-0.292200551323,-0.664120300573,-0.174881662288,-0.494665558606
-0.124396004878,0.0343530350932,0,0,-0.486906553715,-0.393035397408,-0.664120300573,-0.174881662288,-0.494665558606
-0.124664593829,0.0330404921994,0,0,-0.492670257966,-0.393035397408,-0.664120300573,-0.174881662288,-0.494665558606
2.01995152087,1.95040166668,0,0,-0.492644641503,-0.392975161538,0.794445890823,-0.174881662288,1.66039213924
-0.198254703615,-0.0394721721711,0,0,-0.356698070555,-0.282080925192,0.0651627951249,-0.174881662288,-0.0636540190381
-0.914693981089,-0.868586271692,0,0,1.4732652211,1.46494000732,3.95467263885,0.319548168264,2.52241521837
-0.914693981089,-0.868586271692,0,0,1.17952123598,0.20329971385,0.211019414265,-0.174881662288,0.0800164941514
-0.914693981089,-0.868586271692,0,0,1.33214412456,2.33251724039,0.0165439220783,-0.174881662288,-0.0636540190381
-0.914693981089,-0.868586271692,0,0,0.320191356756,0.123908837422,0.745827017777,-0.174881662288,1.51672162605
-0.914693981089,-0.868586271692,0,0,-0.481527096413,-0.393035397408,0.648589271684,-0.174881662288,-0.207324532228
1.53428835682,2.03331307663,0,0,-0.376115349767,-0.30665716008,2.30163095527,-0.174881662288,1.51672162605
-1.09724822006,-1.05513694408,0,0,-0.362743555903,-0.298284374175,2.30163095527,-0.174881662288,4.53380240302
1.22084617292,1.82603455175,0,0,-0.492670257966,-0.393035397408,-0.664120300573,-0.174881662288,-0.494665558606
-1.12135915728,-1.07586479657,0,0,-0.492670257966,-0.393035397408,-0.0320749509682,-0.174881662288,-0.350995045417
3.71805038527,3.77445268562,0,0,-0.492670257966,-0.393035397408,1.42649124043,7.73599562655,-0.350995045417
3.03949972343,3.0386139223,0,0,-0.492670257966,-0.393035397408,1.47511011348,0.813977998817,-0.207324532228
-0.914693981089,-0.868586271692,0,0,-0.492670257966,-0.393035397408,1.76682335175,-0.174881662288,0.51102803372
-0.124664593829,0.0330404921994,0,0,-0.492670257966,-0.393035397408,-0.664120300573,-0.174881662288,-0.494665558606
1.13818010244,1.32856609204,0,0,-0.49208107931,-0.393035397408,1.37787236738,-0.174881662288,2.52241521837
-0.124660157417,0.0333493855665,0,0,-0.492593408576,-0.393035397408,-0.664120300573,-0.174881662288,-0.494665558606
-0.12364891371,0.0312689931958,0,0,-0.492670257966,-0.393035397408,-0.664120300573,-0.174881662288,-0.494665558606
-0.123494580749,0.0319762067948,0,0,-0.492670257966,-0.393035397408,-0.664120300573,-0.174881662288,-0.494665558606
-0.12364891371,0.0312689931958,0,0,-0.492670257966,-0.393035397408,-0.664120300573,-0.174881662288,-0.494665558606
-0.124248948827,0.0313218250372,0,0,-0.492670257966,-0.393035397408,-0.664120300573,-0.174881662288,-0.494665558606
-0.12446557182,0.0332655068567,0,0,-0.492183545163,-0.393035397408,-0.664120300573,-0.174881662288,-0.494665558606
-0.124660157417,0.0333493855665,0,0,0.318449437249,0.187397444217,-0.664120300573,-0.174881662288,-0.494665558606
-0.914693981089,-0.868586271692,0,0,0.499071120263,0.128426527659,0.211019414265,-0.174881662288,0.0800164941514
-0.914693981089,-0.868586271692,0,0,0.789971677958,0.255704920597,0.0165439220783,-0.174881662288,-0.0636540190381
-0.914693981089,-0.868586271692,0,0,0.940878263497,0.165953474559,-0.0806938240148,-0.174881662288,-0.350995045417
-0.914693981089,-0.868586271692,0,0,0.37168044807,0.423762997406,-0.0806938240148,-0.174881662288,-0.494665558606
-0.914693981089,-0.868586271692,0,0,4.67785916854,2.2430669737,-0.129312697061,-0.174881662288,-0.494665558606
-0.914693981089,-0.868586271692,0,0,2.37043061668,4.09676563167,0.405494906451,-0.174881662288,1.22938059967
-0.914693981089,-0.868586271692,0,0,2.98730067038,0.101561329717,-0.0806938240148,-0.174881662288,-0.207324532228
-0.914693981089,-0.868586271692,0,0,2.47333194992,2.5965912937,-0.0806938240148,-0.174881662288,-0.207324532228
-0.914693981089,-0.868586271692,0,0,0.982889263376,0.16583300282,1.0861591291,-0.174881662288,0.51102803372
-0.127377592078,-0.0562417268541,0,0,-0.492670257966,-0.393035397408,-0.664120300573,-0.174881662288,-0.494665558606
-0.128108006514,-0.0515932571994,0,0,-0.492670257966,-0.393035397408,-0.664120300573,-0.174881662288,-0.494665558606
-0.128387046983,-0.0542972021018,0,0,-0.491568750043,-0.390445255006,-0.664120300573,-0.174881662288,-0.494665558606
-0.128751572206,-0.0571326479551,0,0,-0.492670257966,-0.393035397408,-0.664120300573,-0.174881662288,-0.494665558606
-0.127377592078,-0.0562417268541,0,0,-0.492055462846,-0.391589736532,-0.664120300573,-0.174881662288,-0.494665558606
-0.128387046983,-0.0542972021018,0,0,-0.492670257966,-0.393035397408,-0.664120300573,-0.174881662288,-0.494665558606
-0.128274624572,-0.0598186287187,0,0,-0.492670257966,-0.393035397408,-0.664120300573,-0.174881662288,-0.494665558606
-0.128108006514,-0.0515932571994,0,0,-0.492593408576,-0.393035397408,-0.664120300573,-0.174881662288,-0.494665558606
-0.127377592078,-0.0562417268541,0,0,-0.488238609808,-0.382614591928,-0.664120300573,-0.174881662288,-0.494665558606
-0.128751572206,-0.0571326479551,0,0,-0.488136143955,-0.392914925668,-0.664120300573,-0.174881662288,-0.494665558606
-0.128387046983,-0.0542972021018,0,0,-0.492670257966,-0.393035397408,-0.664120300573,-0.174881662288,-0.494665558606
-0.127377592078,-0.0562417268541,0,0,-0.492670257966,-0.393035397408,-0.664120300573,-0.174881662288,-0.494665558606
-0.128274624572,-0.0598186287187,0,0,-0.492670257966,-0.393035397408,-0.664120300573,-0.174881662288,-0.494665558606
-0.128108006514,-0.0515932571994,0,0,-0.492670257966,-0.393035397408,-0.664120300573,-0.174881662288,-0.494665558606
-0.128751572206,-0.0571326479551,0,0,-0.492670257966,-0.393035397408,-0.664120300573,-0.174881662288,-0.494665558606
-0.12842207099,-0.0545122570261,0,0,-0.449788298334,-0.292200551323,-0.664120300573,-0.174881662288,-0.494665558606
-0.127810547585,-0.0444526087473,0,0,-0.486906553715,-0.393035397408,-0.664120300573,-0.174881662288,-0.494665558606
-0.128274624572,-0.0598186287187,0,0,-0.492670257966,-0.393035397408,-0.664120300573,-0.174881662288,-0.494665558606
2.00617384246,1.9089459617,0,0,-0.492644641503,-0.392975161538,0.794445890823,-0.174881662288,1.66039213924
-0.198254703615,-0.0809278771471,0,0,-0.359208483962,-0.291598192624,0.0651627951249,-0.174881662288,-0.0636540190381
-0.914693981089,-0.868586271692,0,0,1.48899372959,1.79467115873,3.95467263885,1.30840782937,2.52241521837
-0.914693981089,-0.868586271692,0,0,1.19150974082,0.166917248476,0.211019414265,-0.174881662288,0.0800164941514
-0.914693981089,-0.868586271692,0,0,1.3410586538,2.36034621225,0.0165439220783,-0.174881662288,-0.0636540190381
-0.914693981089,-0.868586271692,0,0,0.560909262767,0.687475635496,0.745827017777,-0.174881662288,1.51672162605
-0.914693981089,-0.868586271692,0,0,-0.481527096413,-0.393035397408,0.648589271684,-0.174881662288,-0.207324532228
1.56184371364,1.99185737165,0,0,-0.375859185134,-0.31364452098,2.30163095527,-0.174881662288,1.51672162605
-1.09380380046,-1.04477301784,0,0,-0.365766298577,-0.304187489418,2.30163095527,-0.174881662288,4.53380240302
1.22084617292,1.82603455175,0,0,-0.492670257966,-0.393035397408,-0.664120300573,-0.174881662288,-0.494665558606
-1.12135915728,-1.07586479657,0,0,-0.492670257966,-0.393035397408,-0.0320749509682,-0.174881662288,-0.350995045417
3.7490501617,3.77445268562,0,0,-0.492670257966,-0.393035397408,1.42649124043,7.73599562655,-0.350995045417
3.03605530383,3.04897784854,0,0,-0.492670257966,-0.393035397408,1.47511011348,0.813977998817,-0.207324532228
-0.914693981089,-0.868586271692,0,0,-0.492670257966,-0.393035397408,1.76682335175,-0.174881662288,0.51102803372
-0.128274624572,-0.0598186287187,0,0,-0.492670257966,-0.393035397408,-0.664120300573,-0.174881662288,-0.494665558606
1.11062474562,0.996920452229,0,0,-0.492670257966,-0.393035397408,1.37787236738,-0.174881662288,2.52241521837
-0.128924601476,-0.0650023951639,0,0,-0.492593408576,-0.393035397408,-0.664120300573,-0.174881662288,-0.494665558606
-0.128751572206,-0.0571326479551,0,0,-0.488238609808,-0.382614591928,-0.664120300573,-0.174881662288,-0.494665558606
-0.128070200564,-0.057100575058,0,0,-0.492670257966,-0.393035397408,-0.664120300573,-0.174881662288,-0.494665558606
-0.128751572206,-0.0571326479551,0,0,-0.492670257966,-0.393035397408,-0.664120300573,-0.174881662288,-0.494665558606
-0.12842207099,-0.0545122570261,0,0,-0.492670257966,-0.393035397408,-0.664120300573,-0.174881662288,-0.494665558606
-0.128108006514,-0.0515932571994,0,0,-0.492183545163,-0.393035397408,-0.664120300573,-0.174881662288,-0.494665558606
-0.128924601476,-0.0650023951639,0,0,0.340863842672,0.252030532538,-0.664120300573,-0.174881662288,-0.494665558606
-0.914693981089,-0.868586271692,0,0,0.498302626362,0.120415156972,0.211019414265,-0.174881662288,0.0800164941514
-0.914693981089,-0.868586271692,0,0,0.789997294421,0.198420608394,0.0165439220783,-0.174881662288,-0.0636540190381
-0.914693981089,-0.868586271692,0,0,0.935293874489,0.122282468937,-0.0806938240148,-0.174881662288,-0.350995045417
-0.914693981089,-0.868586271692,0,0,0.413102269292,0.315519139332,-0.0806938240148,-0.174881662288,-0.494665558606
-0.914693981089,-0.868586271692,0,0,6.12424153814,5.84523222505,-0.129312697061,-0.174881662288,-0.494665558606
-0.914693981089,-0.868586271692,0,0,2.58038315022,4.56521999129,0.405494906451,-0.174881662288,1.22938059967
-0.914693981089,-0.868586271692,0,0,2.48852251268,0.092766892723,-0.0806938240148,-0.174881662288,-0.207324532228
-0.914693981089,-0.868586271692,0,0,2.47515071882,2.60381959808,-0.0806938240148,-0.174881662288,-0.207324532228
-0.914693981089,-0.868586271692,0,0,0.902453568486,0.428521631122,1.0861591291,-0.174881662288,0.51102803372
-0.12884239581,-0.151991961728,0,0,-0.492670257966,-0.393035397408,-0.664120300573,-0.174881662288,-0.494665558606
-0.130143805461,-0.1508299825,0,0,-0.492670257966,-0.393035397408,-0.664120300573,-0.174881662288,-0.494665558606
-0.130122142358,-0.150393443563,0,0,-0.491568750043,-0.390445255006,-0.664120300573,-0.174881662288,-0.494665558606
-0.129929889782,-0.15378393985,0,0,-0.492670257966,-0.393035397408,-0.664120300573,-0.174881662288,-0.494665558606
-0.12884239581,-0.151991961728,0,0,-0.492055462846,-0.393035397408,-0.664120300573,-0.174881662288,-0.494665558606
-0.130122142358,-0.150393443563,0,0,-0.492670257966,-0.393035397408,-0.664120300573,-0.174881662288,-0.494665558606
-0.128554510071,-0.151486105397,0,0,-0.492670257966,-0.393035397408,-0.664120300573,-0.174881662288,-0.494665558606
-0.130143805461,-0.1508299825,0,0,-0.492593408576,-0.393035397408,-0.664120300573,-0.174881662288,-0.494665558606
-0.12884239581,-0.151991961728,0,0,-0.488238609808,-0.382614591928,-0.664120300573,-0.174881662288,-0.494665558606
-0.129929889782,-0.15378393985,0,0,-0.488136143955,-0.392914925668,-0.664120300573,-0.174881662288,-0.494665558606
-0.130122142358,-0.150393443563,0,0,-0.492670257966,-0.393035397408,-0.664120300573,-0.174881662288,-0.494665558606
-0.12884239581,-0.151991961728,0,0,-0.492670257966,-0.393035397408,-0.664120300573,-0.174881662288,-0.494665558606
-0.128554510071,-0.151486105397,0,0,-0.492670257966,-0.393035397408,-0.664120300573,-0.174881662288,-0.494665558606
-0.130143805461,-0.1508299825,0,0,-0.492670257966,-0.393035397408,-0.664120300573,-0.174881662288,-0.494665558606
-0.129929889782,-0.15378393985,0,0,-0.492670257966,-0.393035397408,-0.664120300573,-0.174881662288,-0.494665558606
-0.130063324301,-0.152213604655,0,0,-0.449788298334,-0.292200551323,-0.664120300573,-0.174881662288,-0.494665558606
-0.130364742016,-0.150943008025,0,0,-0.486906553715,-0.393035397408,-0.664120300573,-0.174881662288,-0.494665558606
-0.128554510071,-0.151486105397,0,0,-0.492670257966,-0.393035397408,-0.664120300573,-0.174881662288,-0.494665558606
1.99239616405,1.86749025673,0,0,-0.492644641503,-0.392975161538,0.794445890823,-0.174881662288,1.66039213924
-0.212032382028,-0.0394721721711,0,0,-0.356262590678,-0.286658851299,0.0651627951249,-0.174881662288,-0.0636540190381
-0.914693981089,-0.868586271692,0,0,1.47931070645,1.78864757175,3.95467263885,1.30840782937,2.52241521837
-0.914693981089,-0.868586271692,0,0,1.1883076829,0.151014978843,0.211019414265,-0.174881662288,0.0800164941514
-0.914693981089,-0.868586271692,0,0,1.34431194465,2.37685084058,0.0165439220783,-0.174881662288,-0.0636540190381
-0.914693981089,-0.868586271692,0,0,0.814819647398,1.28736466307,0.745827017777,-0.174881662288,1.51672162605
-0.914693981089,-0.868586271692,0,0,-0.481527096413,-0.393035397408,0.648589271684,-0.174881662288,-0.207324532228
1.53773277642,2.04367700287,0,0,-0.380726313168,-0.319969287311,2.30163095527,-0.174881662288,1.51672162605
-1.09724822006,-1.0344090916,0,0,-0.366560408941,-0.303585130719,2.30163095527,-0.174881662288,4.53380240302
1.42751134911,1.61875602687,0,0,-0.492670257966,-0.393035397408,-0.664120300573,-0.174881662288,-0.494665558606
-1.12135915728,-1.07586479657,0,0,-0.492670257966,-0.393035397408,-0.0320749509682,-0.174881662288,-0.350995045417
3.7456057421,3.80554446436,0,0,-0.492670257966,-0.393035397408,1.42649124043,7.73599562655,-0.350995045417
3.04638856264,3.10079747976,0,0,-0.492670257966,-0.393035397408,1.47511011348,0.813977998817,-0.207324532228
-0.914693981089,-0.868586271692,0,0,-0.492670257966,-0.393035397408,1.76682335175,-0.174881662288,0.51102803372
-0.128554510071,-0.151486105397,0,0,-0.492670257966,-0.393035397408,-0.664120300573,-0.174881662288,-0.494665558606
1.48262206277,2.32350301146,0,0,-0.492670257966,-0.393035397408,1.37787236738,-0.174881662288,2.52241521837
-0.129394966825,-0.151073061481,0,0,-0.492593408576,-0.393035397408,-0.664120300573,-0.174881662288,-0.494665558606
-0.129929889782,-0.15378393985,0,0,-0.488238609808,-0.382614591928,-0.664120300573,-0.174881662288,-0.494665558606
-0.129345077851,-0.152995428159,0,0,-0.492670257966,-0.393035397408,-0.664120300573,-0.174881662288,-0.494665558606
-0.129929889782,-0.15378393985,0,0,-0.492670257966,-0.393035397408,-0.664120300573,-0.174881662288,-0.494665558606
-0.130063324301,-0.152213604655,0,0,-0.492670257966,-0.393035397408,-0.664120300573,-0.174881662288,-0.494665558606
-0.130143805461,-0.1508299825,0,0,-0.492670257966,-0.393035397408,-0.664120300573,-0.174881662288,-0.494665558606
-0.129394966825,-0.151073061481,0,0,0.339967266455,0.259560016266,-0.664120300573,-0.174881662288,-0.494665558606
-0.914693981089,-0.868586271692,0,0,0.499916463553,0.119391147185,0.211019414265,-0.174881662288,0.0800164941514
-0.914693981089,-0.868586271692,0,0,0.790663322468,0.214081934549,0.0165439220783,-0.174881662288,-0.0636540190381
-0.914693981089,-0.868586271692,0,0,0.928915375117,0.119873034144,-0.0806938240148,-0.174881662288,-0.350995045417
-0.914693981089,-0.868586271692,0,0,0.405775960776,0.312386874102,-0.0806938240148,-0.174881662288,-0.494665558606
-0.914693981089,-0.868586271692,0,0,6.12675195155,5.08065832937,-0.129312697061,-0.174881662288,-0.494665558606
-0.914693981089,-0.868586271692,0,0,2.57958903985,4.5635936228,0.405494906451,-0.174881662288,1.22938059967
-0.914693981089,-0.868586271692,0,0,2.48183661575,0.0886106177052,-0.0806938240148,-0.174881662288,-0.207324532228
-0.914693981089,-0.868586271692,0,0,2.36197718378,2.61640889487,-0.0806938240148,-0.174881662288,-0.207324532228
-0.914693981089,-0.868586271692,0,0,1.08128209907,0.904083823383,1.0861591291,-0.174881662288,0.51102803372
-0.126553723649,-0.138773558007,0,0,-0.492670257966,-0.393035397408,-0.664120300573,-0.174881662288,-0.494665558606
-0.12714152304,-0.139871101251,0,0,-0.492670257966,-0.393035397408,-0.664120300573,-0.174881662288,-0.494665558606
-0.126680021331,-0.138110017994,0,0,-0.491568750043,-0.390445255006,-0.664120300573,-0.174881662288,-0.494665558606
-0.126963308769,-0.140063200079,0,0,-0.492670257966,-0.393035397408,-0.664120300573,-0.174881662288,-0.494665558606
-0.126553723649,-0.138773558007,0,0,-0.455885016609,-0.307982349216,-0.664120300573,-0.174881662288,-0.494665558606
-0.126680021331,-0.138110017994,0,0,-0.492670257966,-0.393035397408,-0.664120300573,-0.174881662288,-0.494665558606
-0.125886032094,-0.136784340551,0,0,-0.492670257966,-0.393035397408,-0.664120300573,-0.174881662288,-0.494665558606
-0.12714152304,-0.139871101251,0,0,-0.492593408576,-0.393035397408,-0.664120300573,-0.174881662288,-0.494665558606
-0.126553723649,-0.138773558007,0,0,-0.488238609808,-0.382614591928,-0.664120300573,-0.174881662288,-0.494665558606
-0.126963308769,-0.140063200079,0,0,-0.488136143955,-0.393035397408,-0.664120300573,-0.174881662288,-0.494665558606
-0.126680021331,-0.138110017994,0,0,-0.492670257966,-0.393035397408,-0.664120300573,-0.174881662288,-0.494665558606
-0.126553723649,-0.138773558007,0,0,-0.492670257966,-0.393035397408,-0.664120300573,-0.174881662288,-0.494665558606
-0.125886032094,-0.136784340551,0,0,-0.492670257966,-0.393035397408,-0.664120300573,-0.174881662288,-0.494665558606
-0.12714152304,-0.139871101251,0,0,-0.492670257966,-0.393035397408,-0.664120300573,-0.174881662288,-0.494665558606
-0.126963308769,-0.140063200079,0,0,-0.492670257966,-0.393035397408,-0.664120300573,-0.174881662288,-0.494665558606
-0.12710542667,-0.139743483318,0,0,-0.449788298334,-0.292200551323,-0.664120300573,-0.174881662288,-0.494665558606
-0.126687514092,-0.139870306684,0,0,-0.486906553715,-0.393035397408,-0.664120300573,-0.174881662288,-0.494665558606
-0.125886032094,-0.136784340551,0,0,-0.492670257966,-0.393035397408,-0.664120300573,-0.174881662288,-0.494665558606
2.00617384246,1.95040166668,0,0,-0.492644641503,-0.392975161538,0.794445890823,-0.174881662288,1.66039213924
-0.156921668376,0.084894942757,0,0,-0.353572862027,-0.279129367571,0.0651627951249,-0.174881662288,-0.0636540190381
-0.914693981089,-0.868586271692,0,0,1.55987448366,1.46957816929,3.95467263885,0.813977998817,2.52241521837
-0.914693981089,-0.868586271692,0,0,1.18413219938,0.137702851612,0.211019414265,-0.174881662288,0.0800164941514
-0.914693981089,-0.868586271692,0,0,1.33985468003,0.249500626005,0.0165439220783,-0.174881662288,-0.0636540190381
-0.914693981089,-0.868586271692,0,0,0.816331018735,1.31573575776,0.745827017777,-0.174881662288,1.51672162605
-0.914693981089,-0.868586271692,0,0,-0.481527096413,-0.393035397408,0.648589271684,-0.174881662288,-0.207324532228
1.49295532158,2.07476878161,0,0,-0.386848647907,-0.32033070253,2.30163095527,-0.174881662288,1.51672162605
-1.09380380046,-1.0344090916,0,0,-0.367687533328,-0.301235931796,2.30163095527,-0.174881662288,4.53380240302
1.42751134911,1.61875602687,0,0,-0.492670257966,-0.393035397408,-0.664120300573,-0.174881662288,-0.494665558606
-1.12135915728,-1.07586479657,0,0,-0.492670257966,-0.393035397408,-0.0320749509682,-0.174881662288,-0.350995045417
3.73871690289,3.78481661187,0,0,-0.492670257966,-0.393035397408,1.42649124043,7.73599562655,-0.350995045417
3.01538878621,3.10079747976,0,0,-0.492670257966,-0.393035397408,1.47511011348,0.813977998817,-0.207324532228
-0.914693981089,-0.868586271692,0,0,-0.492670257966,-0.393035397408,1.76682335175,-0.174881662288,0.51102803372
-0.125886032094,-0.136784340551,0,0,-0.492670257966,-0.393035397408,-0.664120300573,-0.174881662288,-0.494665558606
1.49639974118,2.36495871644,0,0,-0.492670257966,-0.393035397408,1.37787236738,-0.174881662288,2.52241521837
-0.126046383605,-0.136827561578,0,0,-0.492593408576,-0.393035397408,-0.664120300573,-0.174881662288,-0.494665558606
-0.126963308769,-0.140063200079,0,0,-0.488238609808,-0.382614591928,-0.664120300573,-0.174881662288,-0.494665558606
-0.126962579701,-0.140190932015,0,0,-0.492670257966,-0.393035397408,-0.664120300573,-0.174881662288,-0.494665558606
-0.126963308769,-0.140063200079,0,0,-0.492670257966,-0.393035397408,-0.664120300573,-0.174881662288,-0.494665558606
-0.12710542667,-0.139743483318,0,0,-0.492670257966,-0.393035397408,-0.664120300573,-0.174881662288,-0.494665558606
-0.12714152304,-0.139871101251,0,0,-0.492670257966,-0.393035397408,-0.664120300573,-0.174881662288,-0.494665558606
-0.126046383605,-0.136827561578,0,0,0.337149455487,0.265704074988,-0.664120300573,-0.174881662288,-0.494665558606
-0.914693981089,-0.868586271692,0,0,0.507550169628,0.105958548214,0.211019414265,-0.174881662288,0.0800164941514
-0.914693981089,-0.868586271692,0,0,0.797400452327,0.227092882431,0.0165439220783,-0.174881662288,-0.0636540190381
-0.914693981089,-0.868586271692,0,0,0.935319490952,0.129691480925,-0.0806938240148,-0.174881662288,-0.350995045417
-0.914693981089,-0.868586271692,0,0,0.548075414633,0.722713619343,-0.0806938240148,-0.174881662288,-0.494665558606
-0.914693981089,-0.868586271692,0,0,6.13010770824,5.09909050554,-0.129312697061,-0.174881662288,-0.494665558606
-0.914693981089,-0.868586271692,0,0,2.48281004135,3.66095911349,0.405494906451,-0.174881662288,1.22938059967
-0.914693981089,-0.868586271692,0,0,2.47927496941,0.099633781883,-0.0806938240148,-0.174881662288,-0.207324532228
-0.914693981089,-0.868586271692,0,0,2.36361663743,0.129269829836,-0.0806938240148,-0.174881662288,-0.207324532228
-0.914693981089,-0.868586271692,0,0,0.837310902211,0.982992812853,1.0861591291,-0.174881662288,0.51102803372
-0.126686981355,-0.136097540432,0,0,-0.492670257966,-0.393035397408,-0.664120300573,-0.174881662288,-0.494665558606
-0.127078086016,-0.13281489807,0,0,-0.4921579287,-0.391830680012,-0.664120300573,-0.174881662288,-0.494665558606
-0.127399202367,-0.134695632856,0,0,-0.491568750043,-0.390445255006,-0.664120300573,-0.174881662288,-0.494665558606
-0.127062674534,-0.134582503692,0,0,-0.492670257966,-0.393035397408,-0.664120300573,-0.174881662288,-0.494665558606
-0.126686981355,-0.136097540432,0,0,-0.455885016609,-0.307982349216,-0.664120300573,-0.174881662288,-0.494665558606
-0.127399202367,-0.134695632856,0,0,-0.492670257966,-0.393035397408,-0.664120300573,-0.174881662288,-0.494665558606
-0.126288853523,-0.134877664857,0,0,-0.492670257966,-0.393035397408,-0.664120300573,-0.174881662288,-0.494665558606
-0.127078086016,-0.13281489807,0,0,-0.492593408576,-0.393035397408,-0.664120300573,-0.174881662288,-0.494665558606
-0.126686981355,-0.136097540432,0,0,-0.488238609808,-0.382614591928,-0.664120300573,-0.174881662288,-0.494665558606
-0.127062674534,-0.134582503692,0,0,-0.488136143955,-0.393035397408,-0.664120300573,-0.174881662288,-0.494665558606
-0.127399202367,-0.134695632856,0,0,-0.492670257966,-0.393035397408,-0.664120300573,-0.174881662288,-0.494665558606
-0.126686981355,-0.136097540432,0,0,-0.492670257966,-0.393035397408,-0.664120300573,-0.174881662288,-0.494665558606
-0.126288853523,-0.134877664857,0,0,-0.492670257966,-0.393035397408,-0.664120300573,-0.174881662288,-0.494665558606
-0.127078086016,-0.13281489807,0,0,-0.492670257966,-0.393035397408,-0.664120300573,-0.174881662288,-0.494665558606
-0.127062674534,-0.134582503692,0,0,-0.492670257966,-0.393035397408,-0.664120300573,-0.174881662288,-0.494665558606
-0.126936760331,-0.132677672777,0,0,-0.449788298334,-0.393035397408,-0.664120300573,-0.174881662288,-0.494665558606
-0.127188698959,-0.132975020731,0,0,-0.486906553715,-0.393035397408,-0.664120300573,-0.174881662288,-0.494665558606
-0.126288853523,-0.134877664857,0,0,-0.492670257966,-0.393035397408,-0.664120300573,-0.174881662288,-0.494665558606
2.03372919929,1.99185737165,0,0,-0.492644641503,-0.392975161538,0.794445890823,-0.174881662288,1.66039213924
-0.143143989963,0.0434392377809,0,0,-0.353752177271,-0.28623720021,0.0651627951249,-0.174881662288,-0.0636540190381
-0.914693981089,-0.868586271692,0,0,1.98887339522,2.10850004052,3.95467263885,1.30840782937,2.52241521837
-0.914693981089,-0.868586271692,0,0,2.34937388381,2.86735152856,0.211019414265,-0.174881662288,0.0800164941514
-0.914693981089,-0.868586271692,0,0,1.3413404349,0.252271476017,0.0165439220783,-0.174881662288,-0.0636540190381
-0.914693981089,-0.868586271692,0,0,0.816561566905,1.321638873,0.745827017777,-0.174881662288,1.51672162605
-0.914693981089,-0.868586271692,0,0,-0.481527096413,-0.393035397408,0.648589271684,-0.174881662288,-0.207324532228
1.52395509801,2.0022212979,0,0,-0.383697822916,-0.31689725795,2.30163095527,-0.174881662288,1.51672162605
-1.09380380046,-1.0344090916,0,0,-0.364049995534,-0.290694654577,2.30163095527,-0.174881662288,4.53380240302
1.42751134911,1.61875602687,0,0,-0.492670257966,-0.393035397408,-0.664120300573,-0.174881662288,-0.494665558606
-1.12135915728,-1.07586479657,0,0,-0.492670257966,-0.393035397408,-0.0320749509682,-0.174881662288,-0.350995045417
3.76282784011,3.83663624309,0,0,-0.492670257966,-0.393035397408,1.42649124043,-0.174881662288,-0.350995045417
3.02572204502,3.11116140601,0,0,-0.492670257966,-0.393035397408,1.47511011348,-0.174881662288,-0.207324532228
-0.914693981089,-0.868586271692,0,0,-0.49261902504,-0.392914925668,1.76682335175,-0.174881662288,0.51102803372
-0.126288853523,-0.134877664857,0,0,-0.492670257966,-0.393035397408,-0.664120300573,-0.174881662288,-0.494665558606
1.55052633494,2.39605049517,0,0,-0.492670257966,-0.393035397408,1.37787236738,-0.174881662288,2.52241521837
-0.126748978612,-0.134935302105,0,0,-0.492593408576,-0.393035397408,-0.664120300573,-0.174881662288,-0.494665558606
-0.127062674534,-0.134582503692,0,0,-0.488238609808,-0.382614591928,-0.664120300573,-0.174881662288,-0.494665558606
-0.127095532001,-0.136034489759,0,0,-0.492670257966,-0.393035397408,-0.664120300573,-0.174881662288,-0.494665558606
-0.127062674534,-0.134582503692,0,0,-0.492644641503,-0.392975161538,-0.664120300573,-0.174881662288,-0.494665558606
-0.126936760331,-0.132677672777,0,0,-0.492670257966,-0.393035397408,-0.664120300573,-0.174881662288,-0.494665558606
-0.127078086016,-0.13281489807,0,0,-0.492670257966,-0.393035397408,-0.664120300573,-0.174881662288,-0.494665558606
-0.126748978612,-0.134935302105,0,0,0.290937355621,0.258837185828,-0.664120300573,-0.174881662288,-0.494665558606
-0.914693981089,-0.868586271692,0,0,0.399218146161,0.111921899327,0.211019414265,-0.174881662288,0.0800164941514
-0.914693981089,-0.868586271692,0,0,0.799834016344,0.223418494371,0.0165439220783,-0.174881662288,-0.0636540190381
-0.914693981089,-0.868586271692,0,0,0.454472857587,0.136618605955,-0.0806938240148,-0.174881662288,-0.350995045417
-0.914693981089,-0.868586271692,0,0,0.550944458527,0.6722961963,-0.0806938240148,-0.174881662288,-0.494665558606
-0.914693981089,-0.868586271692,0,0,5.70564291069,3.73330239315,-0.129312697061,-0.174881662288,-0.494665558606
-0.914693981089,-0.868586271692,0,0,2.48204154745,0.690547664857,0.405494906451,-0.174881662288,1.22938059967
-0.914693981089,-0.868586271692,0,0,0.846968308891,0.109271521055,-0.0806938240148,-0.174881662288,-0.207324532228
-0.914693981089,-0.868586271692,0,0,2.95156570402,1.51553813797,-0.0806938240148,-0.174881662288,-0.207324532228
-0.914693981089,-0.868586271692,0,0,1.002716406,1.36524964276,1.0861591291,-0.174881662288,0.51102803372
-0.126704179342,-0.144793565479,0,0,-0.492670257966,-0.393035397408,-0.664120300573,-0.174881662288,-0.494665558606
-0.126628099002,-0.142172918906,0,0,-0.4921579287,-0.391830680012,-0.664120300573,-0.174881662288,-0.494665558606
-0.126304929777,-0.141540881774,0,0,-0.491568750043,-0.393035397408,-0.664120300573,-0.174881662288,-0.494665558606
-0.126534320086,-0.143601396134,0,0,-0.492670257966,-0.393035397408,-0.664120300573,-0.174881662288,-0.494665558606
-0.126704179342,-0.144793565479,0,0,-0.455885016609,-0.307982349216,-0.664120300573,-0.174881662288,-0.494665558606
-0.126304929777,-0.141540881774,0,0,-0.492670257966,-0.393035397408,-0.664120300573,-0.174881662288,-0.494665558606
-0.125735900177,-0.141134522589,0,0,-0.492670257966,-0.393035397408,-0.664120300573,-0.174881662288,-0.494665558606
-0.126628099002,-0.142172918906,0,0,-0.492593408576,-0.393035397408,-0.664120300573,-0.174881662288,-0.494665558606
-0.126704179342,-0.144793565479,0,0,-0.488238609808,-0.382614591928,-0.664120300573,-0.174881662288,-0.494665558606
-0.126534320086,-0.143601396134,0,0,-0.49261902504,-0.393035397408,-0.664120300573,-0.174881662288,-0.494665558606
-0.126304929777,-0.141540881774,0,0,-0.492670257966,-0.393035397408,-0.664120300573,-0.174881662288,-0.494665558606
-0.126704179342,-0.144793565479,0,0,-0.492670257966,-0.393035397408,-0.664120300573,-0.174881662288,-0.494665558606
-0.125735900177,-0.141134522589,0,0,-0.492670257966,-0.393035397408,-0.664120300573,-0.174881662288,-0.494665558606
-0.126628099002,-0.142172918906,0,0,-0.492670257966,-0.393035397408,-0.664120300573,-0.174881662288,-0.494665558606
-0.126534320086,-0.143601396134,0,0,-0.492670257966,-0.393035397408,-0.664120300573,-0.174881662288,-0.494665558606
-0.126637714673,-0.142248216285,0,0,-0.449788298334,-0.393035397408,-0.664120300573,-0.174881662288,-0.494665558606
-0.126676330061,-0.14189369746,0,0,-0.486906553715,-0.393035397408,-0.664120300573,-0.174881662288,-0.494665558606
-0.125735900177,-0.141134522589,0,0,-0.492670257966,-0.393035397408,-0.664120300573,-0.174881662288,-0.494665558606
2.01995152087,1.99185737165,0,0,-0.492644641503,-0.393035397408,0.794445890823,-0.174881662288,1.66039213924
-0.0742555978983,0.167806352709,0,0,-0.355929576655,-0.285393898032,0.0651627951249,-0.174881662288,-0.0636540190381
-0.914693981089,-0.868586271692,0,0,1.9864398312,2.67357273534,3.95467263885,1.30840782937,2.52241521837
-0.914693981089,-0.868586271692,0,0,2.30702986991,2.85536459046,0.211019414265,-0.174881662288,0.0800164941514
-0.914693981089,-0.868586271692,0,0,1.34131481844,0.25136793797,0.0165439220783,-0.174881662288,-0.0636540190381
-0.914693981089,-0.868586271692,0,0,0.81061854741,1.30392952728,0.745827017777,-0.174881662288,1.51672162605
-0.914693981089,-0.868586271692,0,0,-0.481527096413,-0.393035397408,0.648589271684,-0.174881662288,-0.207324532228
1.56184371364,1.63948387936,0,0,-0.382545082065,-0.309307538353,2.30163095527,-0.174881662288,1.51672162605
-1.09380380046,-1.0344090916,0,0,-0.365586983334,-0.293826919808,2.30163095527,-0.174881662288,4.53380240302
1.42751134911,1.61875602687,0,0,-0.492670257966,-0.393035397408,-0.664120300573,-0.174881662288,-0.494665558606
-1.12135915728,-1.07586479657,0,0,-0.492670257966,-0.393035397408,-0.0320749509682,-0.174881662288,-0.350995045417
3.74216132249,3.84700016933,0,0,-0.492670257966,-0.393035397408,1.42649124043,0.319548168264,-0.350995045417
3.02572204502,3.10079747976,0,0,-0.492670257966,-0.393035397408,1.47511011348,-0.174881662288,-0.207324532228
-0.914693981089,-0.868586271692,0,0,-0.49261902504,-0.392914925668,1.76682335175,-0.174881662288,0.51102803372
-0.125735900177,-0.141134522589,0,0,-0.492670257966,-0.393035397408,-0.664120300573,-0.174881662288,-0.494665558606
1.51017741959,2.36495871644,0,0,-0.492670257966,-0.393035397408,1.37787236738,-0.174881662288,2.52241521837
-0.125574816154,-0.141009782373,0,0,-0.492593408576,-0.393035397408,-0.664120300573,-0.174881662288,-0.494665558606
-0.126534320086,-0.143601396134,0,0,-0.488238609808,-0.382614591928,-0.664120300573,-0.174881662288,-0.494665558606
-0.126560966116,-0.144904842955,0,0,-0.492670257966,-0.393035397408,-0.664120300573,-0.174881662288,-0.494665558606
-0.126534320086,-0.143601396134,0,0,-0.492644641503,-0.392975161538,-0.664120300573,-0.174881662288,-0.494665558606
-0.126637714673,-0.142248216285,0,0,-0.492670257966,-0.393035397408,-0.664120300573,-0.174881662288,-0.494665558606
-0.126628099002,-0.142172918906,0,0,-0.492670257966,-0.393035397408,-0.664120300573,-0.174881662288,-0.494665558606
-0.125574816154,-0.141009782373,0,0,0.28701803673,0.26510171629,-0.664120300573,-0.174881662288,-0.494665558606
-0.914693981089,-0.868586271692,0,0,0.400447736402,0.139690635316,0.211019414265,-0.174881662288,0.0800164941514
-0.914693981089,-0.868586271692,0,0,0.801550319388,0.210829197578,0.0165439220783,-0.174881662288,-0.0636540190381
-0.914693981089,-0.868586271692,0,0,0.45319203442,0.181012442015,-0.0806938240148,-0.174881662288,-0.350995045417
-0.914693981089,-0.868586271692,0,0,0.652821133233,0.913962506034,-0.0806938240148,-0.174881662288,-0.494665558606
-0.914693981089,-0.868586271692,0,0,5.71322538384,3.79377920645,-0.129312697061,-0.174881662288,-0.494665558606
-0.914693981089,-0.868586271692,0,0,2.63438265494,1.00431631077,0.405494906451,-0.174881662288,1.22938059967
-0.914693981089,-0.868586271692,0,0,0.850657079612,0.111982135197,-0.0806938240148,-0.174881662288,-0.207324532228
-0.914693981089,-0.868586271692,0,0,2.94961885281,1.52360974452,-0.0806938240148,-0.174881662288,-0.207324532228
-0.914693981089,-0.868586271692,0,0,1.00315188588,1.37277912648,1.0861591291,-0.174881662288,0.51102803372
-0.126085737247,-0.138042721566,0,0,-0.492670257966,-0.393035397408,-0.664120300573,-0.174881662288,-0.494665558606
-0.126682424388,-0.135480610449,0,0,-0.4921579287,-0.391830680012,-0.664120300573,-0.174881662288,-0.494665558606
-0.125448422028,-0.135933092559,0,0,-0.491568750043,-0.393035397408,-0.664120300573,-0.174881662288,-0.494665558606
-0.126242962372,-0.133743416041,0,0,-0.492670257966,-0.393035397408,-0.664120300573,-0.174881662288,-0.494665558606
-0.126085737247,-0.138042721566,0,0,-0.455885016609,-0.307982349216,-0.664120300573,-0.174881662288,-0.494665558606
-0.125448422028,-0.135933092559,0,0,-0.492670257966,-0.393035397408,-0.664120300573,-0.174881662288,-0.494665558606
-0.125893340005,-0.137254068234,0,0,-0.492670257966,-0.393035397408,-0.664120300573,-0.174881662288,-0.494665558606
-0.126682424388,-0.135480610449,0,0,-0.492593408576,-0.393035397408,-0.664120300573,-0.174881662288,-0.494665558606
-0.126085737247,-0.138042721566,0,0,-0.488238609808,-0.393035397408,-0.664120300573,-0.174881662288,-0.494665558606
-0.126242962372,-0.133743416041,0,0,-0.49261902504,-0.393035397408,-0.664120300573,-0.174881662288,-0.494665558606
-0.125448422028,-0.135933092559,0,0,-0.492670257966,-0.393035397408,-0.664120300573,-0.174881662288,-0.494665558606
-0.126124291783,-0.138158728447,0,0,-0.492670257966,-0.393035397408,-0.664120300573,-0.174881662288,-0.494665558606
-0.125893340005,-0.137254068234,0,0,-0.492670257966,-0.393035397408,-0.664120300573,-0.174881662288,-0.494665558606
-0.126682424388,-0.135480610449,0,0,-0.492670257966,-0.393035397408,-0.664120300573,-0.174881662288,-0.494665558606
-0.126242962372,-0.133743416041,0,0,-0.492670257966,-0.393035397408,-0.664120300573,-0.174881662288,-0.494665558606
-0.126329914449,-0.134278661012,0,0,-0.449788298334,-0.393035397408,-0.664120300573,-0.174881662288,-0.494665558606
-0.126523578089,-0.13601927897,0,0,-0.486906553715,-0.393035397408,-0.664120300573,-0.174881662288,-0.494665558606
-0.125893340005,-0.137254068234,0,0,-0.492670257966,-0.393035397408,-0.664120300573,-0.174881662288,-0.494665558606
1.96484080722,2.03331307663,0,0,-0.492644641503,-0.393035397408,0.794445890823,-0.174881662288,1.66039213924
-0.0742555978983,0.167806352709,0,0,-0.350268338256,-0.268407382742,0.0651627951249,-0.174881662288,-0.0636540190381
-0.914693981089,-0.868586271692,0,0,2.08921308213,2.55695609136,3.95467263885,0.813977998817,2.52241521837
-0.914693981089,-0.868586271692,0,0,2.2059985385,2.86126770571,0.211019414265,-0.174881662288,0.0800164941514
-0.914693981089,-0.868586271692,0,0,1.34408139648,0.220888587839,0.0165439220783,-0.174881662288,-0.0636540190381
-0.914693981089,-0.868586271692,0,0,0.809184025463,0.747410325971,0.745827017777,-0.174881662288,1.51672162605
-0.914693981089,-0.868586271692,0,0,-0.481527096413,-0.393035397408,0.648589271684,-0.174881662288,-0.207324532228
1.59973232928,1.54620854316,0,0,-0.381827821092,-0.30671739595,2.30163095527,-0.174881662288,1.51672162605
-1.09380380046,-1.04477301784,0,0,-0.361232184566,-0.284791539334,2.30163095527,-0.174881662288,4.53380240302
1.42751134911,1.61875602687,0,0,-0.492670257966,-0.393035397408,-0.664120300573,-0.174881662288,-0.494665558606
-1.12135915728,-1.07586479657,0,0,-0.492670257966,-0.393035397408,-0.0320749509682,-0.174881662288,-0.350995045417
3.7456057421,3.84700016933,0,0,-0.492670257966,-0.393035397408,1.42649124043,0.319548168264,-0.350995045417
2.99816668819,3.01788606981,0,0,-0.492670257966,-0.393035397408,1.47511011348,-0.174881662288,-0.207324532228
-0.914693981089,-0.868586271692,0,0,-0.49261902504,-0.392914925668,1.76682335175,-0.174881662288,0.51102803372
-0.125893340005,-0.137254068234,0,0,-0.492670257966,-0.393035397408,-0.664120300573,-0.174881662288,-0.494665558606
1.48262206277,2.40641442141,0,0,-0.492670257966,-0.393035397408,1.37787236738,-0.174881662288,2.52241521837
-0.125689849435,-0.13649300022,0,0,-0.492593408576,-0.393035397408,-0.664120300573,-0.174881662288,-0.494665558606
-0.126242962372,-0.133743416041,0,0,-0.488238609808,-0.393035397408,-0.664120300573,-0.174881662288,-0.494665558606
-0.126165280377,-0.1364116814,0,0,-0.492670257966,-0.393035397408,-0.664120300573,-0.174881662288,-0.494665558606
-0.126242962372,-0.133743416041,0,0,-0.492644641503,-0.392975161538,-0.664120300573,-0.174881662288,-0.494665558606
-0.126329914449,-0.134278661012,0,0,-0.492670257966,-0.393035397408,-0.664120300573,-0.174881662288,-0.494665558606
-0.126682424388,-0.135480610449,0,0,-0.492670257966,-0.393035397408,-0.664120300573,-0.174881662288,-0.494665558606
-0.125689849435,-0.13649300022,0,0,0.288426942213,0.206010327992,-0.664120300573,-0.174881662288,-0.494665558606
-0.914693981089,-0.868586271692,0,0,0.401498011399,0.146497288606,0.211019414265,-0.174881662288,0.0800164941514
-0.914693981089,-0.868586271692,0,0,0.399269379088,0.21366028346,0.0165439220783,-0.174881662288,-0.0636540190381
-0.914693981089,-0.868586271692,0,0,0.373114970017,0.188541925743,-0.0806938240148,-0.174881662288,-0.350995045417
-0.914693981089,-0.868586271692,0,0,0.655664560663,0.821982332813,-0.0806938240148,-0.174881662288,-0.494665558606
-0.914693981089,-0.868586271692,0,0,5.77941832511,0.365454675417,-0.129312697061,-0.174881662288,-0.494665558606
-0.914693981089,-0.868586271692,0,0,2.41538750984,0.516526236935,0.405494906451,-0.174881662288,1.22938059967
-0.914693981089,-0.868586271692,0,0,0.72587928668,0.125234026558,-0.0806938240148,-0.174881662288,-0.207324532228
-0.914693981089,-0.868586271692,0,0,2.71028423582,1.51764639341,-0.0806938240148,-0.174881662288,-0.207324532228
-0.914693981089,-0.868586271692,0,0,0.885726017925,1.1142467732,1.0861591291,-0.174881662288,0.51102803372
-0.125779032348,-0.133512974141,0,0,-0.492670257966,-0.393035397408,-0.664120300573,-0.174881662288,-0.494665558606
-0.125920163996,-0.131490357204,0,0,-0.4921579287,-0.391830680012,-0.664120300573,-0.174881662288,-0.494665558606
-0.125396071443,-0.131898022243,0,0,-0.491568750043,-0.393035397408,-0.664120300573,-0.174881662288,-0.494665558606
-0.125799849271,-0.131450756642,0,0,-0.492670257966,-0.393035397408,-0.664120300573,-0.174881662288,-0.494665558606
-0.125779032348,-0.133512974141,0,0,-0.455885016609,-0.307982349216,-0.664120300573,-0.174881662288,-0.494665558606
-0.125396071443,-0.131898022243,0,0,-0.492670257966,-0.393035397408,-0.664120300573,-0.174881662288,-0.494665558606
-0.12614818687,-0.135515585245,0,0,-0.492670257966,-0.393035397408,-0.664120300573,-0.174881662288,-0.494665558606
-0.125881669163,-0.131374529965,0,0,-0.492593408576,-0.393035397408,-0.664120300573,-0.174881662288,-0.494665558606
-0.125779032348,-0.133512974141,0,0,-0.488238609808,-0.393035397408,-0.664120300573,-0.174881662288,-0.494665558606
-0.125799076573,-0.131448431668,0,0,-0.49261902504,-0.393035397408,-0.664120300573,-0.174881662288,-0.494665558606
-0.125396071443,-0.131898022243,0,0,-0.492670257966,-0.393035397408,-0.664120300573,-0.174881662288,-0.494665558606
-0.125817586884,-0.133628981022,0,0,-0.492670257966,-0.393035397408,-0.664120300573,-0.174881662288,-0.494665558606
-0.12614818687,-0.135515585245,0,0,-0.492670257966,-0.393035397408,-0.664120300573,-0.174881662288,-0.494665558606
-0.125881669163,-0.131374529965,0,0,-0.492670257966,-0.393035397408,-0.664120300573,-0.174881662288,-0.494665558606
-0.125799076573,-0.131448431668,0,0,-0.492670257966,-0.393035397408,-0.664120300573,-0.174881662288,-0.494665558606
-0.125742042725,-0.131177028077,0,0,-0.449788298334,-0.393035397408,-0.664120300573,-0.174881662288,-0.494665558606
-0.125665728165,-0.130994823344,0,0,-0.486906553715,-0.393035397408,-0.664120300573,-0.174881662288,-0.494665558606
-0.12614818687,-0.135515585245,0,0,-0.492670257966,-0.393035397408,-0.664120300573,-0.174881662288,-0.494665558606
1.90973009357,2.03331307663,0,0,-0.492644641503,-0.393035397408,0.794445890823,-0.174881662288,1.66039213924
-0.0604779194853,0.167806352709,0,0,-0.351190530937,-0.276177809949,0.0651627951249,-0.174881662288,-0.0636540190381
-0.914693981089,-0.868586271692,0,0,1.92119469908,2.55689585549,3.95467263885,1.80283765992,2.52241521837
-0.914693981089,-0.868586271692,0,0,1.92657415638,2.86650822638,0.211019414265,-0.174881662288,0.0800164941514
-0.914693981089,-0.868586271692,0,0,1.33549988126,0.202516647542,0.0165439220783,-0.174881662288,-0.0636540190381
-0.914693981089,-0.868586271692,0,0,0.814665948618,0.158423990831,0.745827017777,-0.174881662288,1.51672162605
-0.914693981089,-0.868586271692,0,0,-0.492670257966,-0.393035397408,0.648589271684,-0.174881662288,-0.207324532228
1.68584281936,1.61875602687,0,0,-0.382083985725,-0.30334418724,2.30163095527,-0.174881662288,1.51672162605
-1.09035938085,-1.04477301784,0,0,-0.36202629493,-0.287803332825,2.30163095527,-0.174881662288,4.53380240302
1.42751134911,0.996920452229,0,0,-0.492670257966,-0.393035397408,-0.664120300573,-0.174881662288,-0.494665558606
-1.12135915728,-1.07586479657,0,0,-0.492670257966,-0.393035397408,-0.0320749509682,-0.174881662288,-0.350995045417
3.73871690289,3.84700016933,0,0,-0.492670257966,-0.393035397408,1.42649124043,0.319548168264,-0.350995045417
3.01883320581,3.06970570103,0,0,-0.492670257966,-0.393035397408,1.47511011348,-0.174881662288,-0.207324532228
-0.914693981089,-0.868586271692,0,0,-0.492567792113,-0.392794453929,1.76682335175,-0.174881662288,0.51102803372
-0.12614818687,-0.135515585245,0,0,-0.492670257966,-0.393035397408,-0.664120300573,-0.174881662288,-0.494665558606
1.49639974118,1.03837615721,0,0,-0.492670257966,-0.393035397408,1.37787236738,-0.174881662288,2.52241521837
-0.125611678332,-0.133052884909,0,0,-0.492593408576,-0.393035397408,-0.664120300573,-0.174881662288,-0.494665558606
-0.125799076573,-0.131448431668,0,0,-0.488238609808,-0.393035397408,-0.664120300573,-0.174881662288,-0.494665558606
-0.126142267061,-0.133934139921,0,0,-0.492670257966,-0.393035397408,-0.664120300573,-0.174881662288,-0.494665558606
-0.125799849271,-0.131450756642,0,0,-0.492644641503,-0.392975161538,-0.664120300573,-0.174881662288,-0.494665558606
-0.125744863705,-0.131185516133,0,0,-0.492670257966,-0.393035397408,-0.664120300573,-0.174881662288,-0.494665558606
-0.125920163996,-0.131490357204,0,0,-0.492670257966,-0.393035397408,-0.664120300573,-0.174881662288,-0.494665558606
-0.125611678332,-0.133052884909,0,0,0.292884206835,0.21022683888,-0.664120300573,-0.174881662288,-0.494665558606
-0.914693981089,-0.868586271692,0,0,0.398833899211,0.153303941896,0.211019414265,-0.174881662288,0.0800164941514
-0.914693981089,-0.868586271692,0,0,0.651898940552,0.814934736044,0.0165439220783,-0.174881662288,-0.0636540190381
-0.914693981089,-0.868586271692,0,0,0.24116456735,0.196011173601,-0.0806938240148,-0.174881662288,-0.350995045417
-0.914693981089,-0.868586271692,0,0,0.657662644804,0.832463374163,-0.0806938240148,-0.174881662288,-0.494665558606
-0.914693981089,-0.868586271692,0,0,3.84347972461,0.375092414588,-0.129312697061,-0.174881662288,-0.494665558606
-0.914693981089,-0.868586271692,0,0,2.41638655191,0.519899445645,0.405494906451,-0.174881662288,1.22938059967
-0.914693981089,-0.868586271692,0,0,1.28088558142,1.442411792,-0.0806938240148,-0.174881662288,-0.207324532228
-0.914693981089,-0.868586271692,0,0,2.6940177816,1.50650275749,-0.0806938240148,-0.174881662288,-0.207324532228
-0.914693981089,-0.868586271692,0,0,0.883574235004,0.646515244016,1.0861591291,-0.174881662288,0.51102803372
-0.12803263228,-0.146689752879,0,0,-0.492670257966,-0.393035397408,-0.664120300573,-0.174881662288,-0.494665558606
-0.128291474672,-0.146466330812,0,0,-0.4921579287,-0.391830680012,-0.664120300573,-0.174881662288,-0.494665558606
-0.127560257686,-0.147543208387,0,0,-0.491568750043,-0.393035397408,-0.664120300573,-0.174881662288,-0.494665558606
-0.128406325399,-0.14609899181,0,0,-0.492670257966,-0.393035397408,-0.664120300573,-0.174881662288,-0.494665558606
-0.12803263228,-0.146689752879,0,0,-0.455885016609,-0.393035397408,-0.664120300573,-0.174881662288,-0.494665558606
-0.127560257686,-0.147543208387,0,0,-0.492670257966,-0.393035397408,-0.664120300573,-0.174881662288,-0.494665558606
-0.127948931735,-0.149497247223,0,0,-0.492670257966,-0.393035397408,-0.664120300573,-0.174881662288,-0.494665558606
-0.128252979839,-0.146350503572,0,0,-0.492593408576,-0.393035397408,-0.664120300573,-0.174881662288,-0.494665558606
-0.12803263228,-0.146689752879,0,0,-0.488238609808,-0.393035397408,-0.664120300573,-0.174881662288,-0.494665558606
-0.128405552701,-0.146096666836,0,0,-0.49261902504,-0.393035397408,-0.664120300573,-0.174881662288,-0.494665558606
-0.127560257686,-0.147543208387,0,0,-0.492670257966,-0.393035397408,-0.664120300573,-0.174881662288,-0.494665558606
-0.128071186816,-0.14680575976,0,0,-0.492670257966,-0.393035397408,-0.664120300573,-0.174881662288,-0.494665558606
-0.127948931735,-0.149497247223,0,0,-0.492670257966,-0.393035397408,-0.664120300573,-0.174881662288,-0.494665558606
-0.128252979839,-0.146350503572,0,0,-0.492670257966,-0.393035397408,-0.664120300573,-0.174881662288,-0.494665558606
-0.128405552701,-0.146096666836,0,0,-0.492670257966,-0.393035397408,-0.664120300573,-0.174881662288,-0.494665558606
-0.128309979242,-0.145981882898,0,0,-0.449788298334,-0.393035397408,-0.664120300573,-0.174881662288,-0.494665558606
-0.127505434008,-0.146751653156,0,0,-0.486906553715,-0.393035397408,-0.664120300573,-0.174881662288,-0.494665558606
-0.127948931735,-0.149497247223,0,0,-0.492670257966,-0.393035397408,-0.664120300573,-0.174881662288,-0.494665558606
1.90973009357,1.99185737165,0,0,-0.492644641503,-0.393035397408,0.794445890823,-0.174881662288,1.66039213924
-0.0191448842464,0.209262057685,0,0,-0.344222852908,-0.266901485996,0.0651627951249,-0.174881662288,-0.0636540190381
-0.914693981089,-0.868586271692,0,0,1.9379478661,2.36829734707,3.95467263885,1.80283765992,2.52241521837
-0.914693981089,-0.868586271692,0,0,1.93661581001,2.89975842652,0.211019414265,-0.174881662288,0.0800164941514
-0.914693981089,-0.868586271692,0,0,1.32930069713,0.197818249696,0.0165439220783,-0.174881662288,-0.0636540190381
-0.914693981089,-0.868586271692,0,0,0.809568272413,0.133968227683,0.745827017777,-0.174881662288,1.51672162605
-0.914693981089,-0.868586271692,0,0,-0.492670257966,-0.393035397408,0.648589271684,-0.174881662288,-0.207324532228
1.70306491737,1.63948387936,0,0,-0.382673164382,-0.29635682634,2.30163095527,-0.174881662288,1.51672162605
-1.09035938085,-1.04477301784,0,0,-0.36210314432,-0.283647057808,2.30163095527,-0.174881662288,4.53380240302
1.42751134911,0.996920452229,0,0,-0.492670257966,-0.393035397408,-0.664120300573,-0.174881662288,-0.494665558606
-1.12135915728,-1.07586479657,0,0,-0.492670257966,-0.393035397408,-0.0320749509682,-0.174881662288,-0.350995045417
3.7490501617,3.88845587431,0,0,-0.492670257966,-0.393035397408,1.42649124043,6.74713596544,-0.350995045417
3.01194436661,3.08006962727,0,0,-0.492670257966,-0.393035397408,1.47511011348,-0.174881662288,-0.207324532228
-0.914693981089,-0.868586271692,0,0,-0.492567792113,-0.392794453929,1.76682335175,-0.174881662288,0.51102803372
-0.127948931735,-0.149497247223,0,0,-0.492670257966,-0.393035397408,-0.664120300573,-0.174881662288,-0.494665558606
1.49639974118,1.28711038706,0,0,-0.492670257966,-0.393035397408,1.37787236738,-0.174881662288,2.52241521837
-0.12778102202,-0.149740436752,0,0,-0.492593408576,-0.393035397408,-0.664120300573,-0.174881662288,-0.494665558606
-0.128405552701,-0.146096666836,0,0,-0.488238609808,-0.393035397408,-0.664120300573,-0.174881662288,-0.494665558606
-0.128250499857,-0.146562508047,0,0,-0.492670257966,-0.393035397408,-0.664120300573,-0.174881662288,-0.494665558606
-0.128406325399,-0.14609899181,0,0,-0.492644641503,-0.392975161538,-0.664120300573,-0.174881662288,-0.494665558606
-0.128312800222,-0.145990370954,0,0,-0.492670257966,-0.393035397408,-0.664120300573,-0.174881662288,-0.494665558606
-0.128291474672,-0.146466330812,0,0,-0.492670257966,-0.393035397408,-0.664120300573,-0.174881662288,-0.494665558606
-0.12778102202,-0.149740436752,0,0,0.294139413538,0.212335094324,-0.664120300573,-0.174881662288,-0.494665558606
-0.914693981089,-0.868586271692,0,0,0.449375181382,0.363527127582,0.211019414265,-0.174881662288,0.0800164941514
-0.914693981089,-0.868586271692,0,0,0.652257571039,0.803369449037,0.0165439220783,-0.174881662288,-0.0636540190381
-0.914693981089,-0.868586271692,0,0,0.237757577726,0.181072677885,-0.0806938240148,-0.174881662288,-0.350995045417
-0.914693981089,-0.868586271692,0,0,0.643317425333,0.400873366873,-0.0806938240148,-0.174881662288,-0.494665558606
-0.914693981089,-0.868586271692,0,0,3.89112634643,0.469421786733,-0.129312697061,-0.174881662288,-0.494665558606
-0.914693981089,-0.868586271692,0,0,2.41817970435,0.518092369551,0.405494906451,-0.174881662288,1.22938059967
-0.914693981089,-0.868586271692,0,0,1.28419010519,1.43897834742,-0.0806938240148,-0.174881662288,-0.207324532228
-0.914693981089,-0.868586271692,0,0,2.49687347973,1.51385153361,-0.0806938240148,-0.174881662288,-0.207324532228
-0.914693981089,-0.868586271692,0,0,0.906296037987,0.606880041671,1.0861591291,-0.174881662288,0.51102803372
-0.129558985494,-0.141686781673,0,0,-0.492670257966,-0.393035397408,-0.664120300573,-0.174881662288,-0.494665558606
-0.129486428795,-0.141563824052,0,0,-0.491876147603,-0.39237280284,-0.664120300573,-0.174881662288,-0.494665558606
-0.129977180515,-0.14295117031,0,0,-0.491568750043,-0.393035397408,-0.664120300573,-0.174881662288,-0.494665558606
-0.129387781766,-0.140958553486,0,0,-0.492670257966,-0.393035397408,-0.664120300573,-0.174881662288,-0.494665558606
-0.129558985494,-0.141686781673,0,0,-0.455885016609,-0.393035397408,-0.664120300573,-0.174881662288,-0.494665558606
-0.129977180515,-0.14295117031,0,0,-0.492670257966,-0.393035397408,-0.664120300573,-0.174881662288,-0.494665558606
-0.130302420984,-0.144165615188,0,0,-0.492670257966,-0.393035397408,-0.664120300573,-0.174881662288,-0.494665558606
-0.129447933961,-0.141447996812,0,0,-0.492593408576,-0.393035397408,-0.664120300573,-0.174881662288,-0.494665558606
-0.129558985494,-0.141686781673,0,0,-0.488238609808,-0.393035397408,-0.664120300573,-0.174881662288,-0.494665558606
-0.129387009067,-0.140956228512,0,0,-0.49261902504,-0.393035397408,-0.664120300573,-0.174881662288,-0.494665558606
-0.129977180515,-0.14295117031,0,0,-0.492670257966,-0.393035397408,-0.664120300573,-0.174881662288,-0.494665558606
-0.129597540031,-0.141802788554,0,0,-0.492670257966,-0.393035397408,-0.664120300573,-0.174881662288,-0.494665558606
-0.130302420984,-0.144165615188,0,0,-0.492670257966,-0.393035397408,-0.664120300573,-0.174881662288,-0.494665558606
-0.129447933961,-0.141447996812,0,0,-0.492670257966,-0.393035397408,-0.664120300573,-0.174881662288,-0.494665558606
-0.129387009067,-0.140956228512,0,0,-0.492670257966,-0.393035397408,-0.664120300573,-0.174881662288,-0.494665558606
-0.129594208129,-0.141082810052,0,0,-0.449788298334,-0.393035397408,-0.664120300573,-0.174881662288,-0.494665558606
-0.129232967734,-0.14199905368,0,0,-0.486906553715,-0.393035397408,-0.664120300573,-0.174881662288,-0.494665558606
-0.130302420984,-0.144165615188,0,0,-0.492670257966,-0.393035397408,-0.664120300573,-0.174881662288,-0.494665558606
1.90973009357,1.95040166668,0,0,-0.492644641503,-0.393035397408,0.794445890823,-0.174881662288,1.66039213924
0.00841047257953,0.292173467637,0,0,-0.344146003518,-0.268708562091,0.0651627951249,-0.174881662288,-0.0636540190381
-0.914693981089,-0.868586271692,0,0,1.93625717952,0.964500400817,3.95467263885,1.30840782937,2.52241521837
-0.914693981089,-0.868586271692,0,0,2.01566821588,0.633323588524,0.211019414265,-0.174881662288,0.0800164941514
-0.914693981089,-0.868586271692,0,0,1.32776370933,0.194625748596,0.0165439220783,-0.174881662288,-0.0636540190381
-0.914693981089,-0.868586271692,0,0,0.80985005351,0.135353652689,0.745827017777,-0.174881662288,1.51672162605
-0.914693981089,-0.868586271692,0,0,-0.492670257966,-0.393035397408,0.648589271684,-0.174881662288,-0.207324532228
1.68584281936,1.53584461692,0,0,-0.382750013772,-0.300994988317,2.30163095527,-0.174881662288,1.51672162605
-1.09380380046,-1.05513694408,0,0,-0.36440862602,-0.294971401334,2.30163095527,-0.174881662288,4.53380240302
1.42751134911,0.996920452229,0,0,-0.492670257966,-0.393035397408,-0.664120300573,-0.174881662288,-0.494665558606
-1.12135915728,-1.07586479657,0,0,-0.492670257966,-0.393035397408,-0.0320749509682,-0.174881662288,-0.350995045417
3.78004993813,3.9091837268,0,0,-0.492670257966,-0.393035397408,1.42649124043,6.74713596544,-0.350995045417
3.008499947,3.05934177479,0,0,-0.492670257966,-0.393035397408,1.47511011348,-0.174881662288,-0.207324532228
-0.914693981089,-0.868586271692,0,0,-0.492567792113,-0.392914925668,1.76682335175,-0.174881662288,0.51102803372
-0.130302420984,-0.144165615188,0,0,-0.492670257966,-0.393035397408,-0.664120300573,-0.174881662288,-0.494665558606
1.55151045483,1.30783823955,0,0,-0.492670257966,-0.393035397408,1.37787236738,-0.174881662288,2.52241521837
-0.130592341226,-0.144279867111,0,0,-0.492593408576,-0.393035397408,-0.664120300573,-0.174881662288,-0.494665558606
-0.129387009067,-0.140956228512,0,0,-0.488238609808,-0.393035397408,-0.664120300573,-0.174881662288,-0.494665558606
-0.129747892391,-0.141949089191,0,0,-0.492670257966,-0.393035397408,-0.664120300573,-0.174881662288,-0.494665558606
-0.129387781766,-0.140958553486,0,0,-0.492644641503,-0.393035397408,-0.664120300573,-0.174881662288,-0.494665558606
-0.129597029108,-0.141091298108,0,0,-0.492670257966,-0.393035397408,-0.664120300573,-0.174881662288,-0.494665558606
-0.129486428795,-0.141563824052,0,0,-0.492670257966,-0.393035397408,-0.664120300573,-0.174881662288,-0.494665558606
-0.130592341226,-0.144279867111,0,0,0.292653658665,0.224924391117,-0.664120300573,-0.174881662288,-0.494665558606
-0.914693981089,-0.868586271692,0,0,0.341581103645,0.480264243301,-0.664120300573,-0.174881662288,-0.494665558606
-0.914693981089,-0.868586271692,0,0,0.657560178951,0.817826057795,-0.664120300573,-0.174881662288,-0.494665558606
-0.914693981089,-0.868586271692,0,0,0.447761344192,0.678620962632,-0.664120300573,-0.174881662288,-0.494665558606
-0.130196458008,-0.136374049984,0,0,-0.491876147603,-0.39237280284,-0.664120300573,-0.174881662288,-0.494665558606
-0.130854694631,-0.138585919123,0,0,-0.491568750043,-0.393035397408,-0.664120300573,-0.174881662288,-0.494665558606
-0.130854694631,-0.138585919123,0,0,-0.492670257966,-0.393035397408,-0.664120300573,-0.174881662288,-0.494665558606
-0.130364926867,-0.137694338185,0,0,-0.492670257966,-0.393035397408,-0.664120300573,-0.174881662288,-0.494665558606
-0.130157963174,-0.136258222744,0,0,-0.492670257966,-0.393035397408,-0.664120300573,-0.174881662288,-0.494665558606
-0.130854694631,-0.138585919123,0,0,-0.492670257966,-0.393035397408,-0.664120300573,-0.174881662288,-0.494665558606
-0.130157963174,-0.136258222744,0,0,-0.492670257966,-0.393035397408,-0.664120300573,-0.174881662288,-0.494665558606
-0.130525902965,-0.135346338875,0,0,-0.449788298334,-0.393035397408,-0.664120300573,-0.174881662288,-0.494665558606
-0.129766155852,-0.136446061998,0,0,-0.492670257966,-0.393035397408,-0.664120300573,-0.174881662288,-0.494665558606
1.89595241516,1.9089459617,0,0,-0.492644641503,-0.393035397408,-0.664120300573,-0.174881662288,-0.494665558606
-0.914693981089,-0.868586271692,0,0,-0.492670257966,-0.393035397408,-0.664120300573,-0.174881662288,-0.494665558606
1.42751134911,0.996920452229,0,0,-0.492670257966,-0.393035397408,-0.664120300573,-0.174881662288,-0.494665558606
3.78349435773,3.9091837268,0,0,-0.492670257966,-0.393035397408,-0.664120300573,-0.174881662288,-0.494665558606
3.01883320581,3.09043355352,0,0,-0.492670257966,-0.393035397408,-0.664120300573,-0.174881662288,-0.494665558606
1.56528813324,1.16274327213,0,0,-0.492670257966,-0.393035397408,1.37787236738,-0.174881662288,2.52241521837
-0.130509144715,-0.13856190936,0,0,-0.492670257966,-0.393035397408,-0.664120300573,-0.174881662288,-0.494665558606
-0.130528723945,-0.135354826931,0,0,-0.492670257966,-0.393035397408,-0.664120300573,-0.174881662288,-0.494665558606
-0.130196458008,-0.136374049984,0,0,-0.492670257966,-0.393035397408,-0.664120300573,-0.174881662288,-0.494665558606
-0.130509144715,-0.13856190936,0,0,0.294267495855,0.218840568265,-0.664120300573,-0.174881662288,-0.494665558606
